"חותמת זמן","מין","גיל","מוסד לימודים","סטטוס תעסוקתי","שנת לימודים נוכחית","שנות ניסיון במשרת סטודנט","שכר סטודנטיאלי נוכחי (שעתי)","השכלה","שנות ניסיון במקצוע (כולל תקופת משרת סטודנט)","במידה וסיימת את התואר בשנתיים האחרונות, מה היה השכר הסטודנטיאלי השעתי האחרון שלך?","השכר החודשי שלך ברוטו (כולל בונוסים, במידה וישנם):","מספר שעות עבודה ביום (בממוצע)","מספר ימי עבודה בשבוע (בממוצע)","אופי העסקה","מה התדירות שבה אתם מתבקשים לעבוד שעות נוספות?","קרן השתלמות","סיבוס/תן-ביס/מימון ארוחות","רכב חברה","במידה וישנם תנאים אחרים ניתן לפרט כאן (בונוסים שנתיים, ימי חופשה נוספים מעבר לחוק, ביטוח בריאות פרטי...)","מיקום גיאוררפי של מקום העבודה","כמה עובדים במשרד?","באיזה תחום עיקרי המשרד עוסק/ת? (ניתן לבחור יותר מאחת)","שביעות רצון מהמשרד","שם המשרד"
"2025/09/01 10:06:35 PM GMT‎+3‎","נקבה","26-30","אוניברסיטת תל אביב","משרה חלקית/מלאה","","","","תואר ראשון באדריכלות","פחות משנתיים","60 לשעה","12,001 - 13,000 ש""ח","9","5","פיזית בלבד","לעיתים רחוקות מאוד","לא","לא","לא","","אזור המרכז","50+ עובדים","תכנון מבני מגורים (בנייה רוויה);מבני ציבור;מבני מסחר ומשרדים;התחדשות עירונית / תמ""א 38","",""
"2025/09/01 10:06:50 PM GMT‎+3‎","נקבה","26-30","אוניברסיטת תל אביב","משרה חלקית/מלאה","","","","תואר ראשון באדריכלות","פחות משנתיים","50","13,001 - 14,000 ש""ח","9","5","פיזית בלבד","מידי שבוע","לא","לא","לא","","אזור המרכז","50+ עובדים","תכנון מבני מגורים (בנייה רוויה)","4",""
"2025/09/01 10:07:26 PM GMT‎+3‎","נקבה","26-30","הטכניון חיפה","משרת סטודנט","שנה ו'","שלוש","70","","","","","9","3","היברידית","מידי שבוע","כן","לא","לא","","אזור השרון","1-10 עובדים","תכנון מבני מגורים (בנייה רוויה);תכנון וילות ובתי מגורים פרטיים;התחדשות עירונית / תמ""א 38","4",""
"2025/09/01 10:10:58 PM GMT‎+3‎","זכר","26-30","הטכניון חיפה","משרה חלקית/מלאה","","","","תואר ראשון באדריכלות","פחות משנתיים","","פחות מ-8,000 ש""ח","7","3","פיזית בלבד","לעיתים רחוקות מאוד","לא","לא","לא","","אזור המרכז","1-10 עובדים","מבני ציבור;מבני מסחר ומשרדים","5",""
"2025/09/01 10:11:14 PM GMT‎+3‎","זכר","26-30","אוניברסיטת תל אביב","משרה חלקית/מלאה","","","","תואר ראשון באדריכלות","ללא ניסיון","","12,001 - 13,000 ש""ח","8","5","היברידית","מידי שבוע","כן","לא","לא","","אזור המרכז","50+ עובדים","הכל","5","יסקי מור סיון"
"2025/09/01 10:11:37 PM GMT‎+3‎","נקבה","31-35","הטכניון חיפה","משרת סטודנט","שנה ו'","שנתיים","50","","","","","8","3","היברידית","לעיתים רחוקות מאוד","לא","לא","לא","","אזור חיפה","1-10 עובדים","התחדשות עירונית / תמ""א 38","4",""
"2025/09/01 10:11:57 PM GMT‎+3‎","נקבה","26-30","אוניברסיטת תל אביב","משרת סטודנט","שנה ה'","שנה","50","","","","","9","2","פיזית בלבד","מידי חודש","לא","לא","לא","","אזור המרכז","1-10 עובדים","שימור מבנים","4",""
"2025/09/01 10:12:16 PM GMT‎+3‎","נקבה","26-30","אוניברסיטת תל אביב","משרת סטודנט","שנה ה'","שנה","67","","","","","8","3","פיזית בלבד","לעיתים רחוקות מאוד","כן","לא","לא","","אזור המרכז","31-50 עובדים","מבני ציבור","2","פלג"
"2025/09/01 10:12:33 PM GMT‎+3‎","זכר","20-25","הטכניון חיפה","משרת סטודנט","שנה ד'","שנה","50 לשעה","","","","","9","3","פיזית בלבד","לעיתים רחוקות מאוד","לא","לא","לא","","אזור המרכז","11-30 עובדים","התחדשות עירונית / תמ""א 38","5",""
"2025/09/01 10:13:03 PM GMT‎+3‎","נקבה","26-30","הטכניון חיפה","משרת סטודנט","שנה ו'","שלוש","55","","","","","9","2","פיזית בלבד","אף פעם","לא","כן","לא","","אזור המרכז","50+ עובדים","חזיתות מבנים","3",""
"2025/09/01 10:14:07 PM GMT‎+3‎","זכר","20-25","הטכניון חיפה","משרת סטודנט","שנה ה'","ללא ניסיון","55","","","","","8","3","פיזית בלבד","אף פעם","לא","לא","לא","","אזור המרכז","50+ עובדים","תכנון מבני מגורים (בנייה רוויה)","4",""
"2025/09/01 10:14:33 PM GMT‎+3‎","נקבה","26-30","הטכניון חיפה","משרת סטודנט","שנה ו'","שנה","55","","","","","9","3","פיזית בלבד","אף פעם","כן","לא","לא","","אזור המרכז","11-30 עובדים","מבני ציבור;מבני מסחר ומשרדים;שימור מבנים","4",""
"2025/09/01 10:15:08 PM GMT‎+3‎","נקבה","26-30","הטכניון חיפה","משרת סטודנט","שנה ו'","שנה","45","","","","","8","2","פיזית בלבד","אף פעם","לא","כן","לא","","אזור חיפה","1-10 עובדים","תכנון מבני מגורים (בנייה רוויה);התחדשות עירונית / תמ""א 38;שימור מבנים","4",""
"2025/09/01 10:17:55 PM GMT‎+3‎","זכר","31-35","הטכניון חיפה","משרה חלקית/מלאה","","","","תואר שני באדריכלות","2-5 שנים","80 לשעה ","22,001 - 23,000 ש""ח","10","5","פיזית בלבד","מידי שבוע","כן","לא","לא","","אזור חיפה","50+ עובדים","תכנון מבני מגורים (בנייה רוויה);מבני ציבור;מבני מסחר ומשרדים;התחדשות עירונית / תמ""א 38;שימור מבנים;פיקוח בנייה / ניהול פרויקטים;","3",""
"2025/09/01 10:19:44 PM GMT‎+3‎","זכר","31-35","הטכניון חיפה","משרת סטודנט","שנה ו'","שנתיים","47","","","","","9","2","פיזית בלבד","לעיתים רחוקות מאוד","לא","כן","לא","","אזור חיפה","11-30 עובדים","אדריכלות נוף","5","אב אדריכלות נוף"
"2025/09/01 10:22:56 PM GMT‎+3‎","נקבה","26-30","אוניברסיטת תל אביב","משרה חלקית/מלאה","","","","תואר ראשון באדריכלות","פחות משנתיים","50 שח  ","12,001 - 13,000 ש""ח","9","5","פיזית בלבד","לעיתים רחוקות מאוד","לא","כן","לא","","אזור המרכז","50+ עובדים","מבני ציבור;מבני מסחר ומשרדים;התחדשות עירונית / תמ""א 38","",""
"2025/09/01 10:24:36 PM GMT‎+3‎","נקבה","26-30","אוניברסיטת תל אביב","משרה חלקית/מלאה","","","","תואר ראשון באדריכלות","פחות משנתיים","50","11,001 - 12,000 ש""ח","9","5","פיזית בלבד","מידי שבוע","לא","לא","לא","","אזור המרכז","50+ עובדים","תכנון מבני מגורים (בנייה רוויה);מבני ציבור;מבני מסחר ומשרדים","3","מילוסלבסקי אדריכלים"
"2025/09/01 10:26:40 PM GMT‎+3‎","נקבה","26-30","אוניברסיטת תל אביב","משרה חלקית/מלאה","","","","תואר ראשון באדריכלות","פחות משנתיים","55","13,001 - 14,000 ש""ח","9","5","פיזית בלבד","מידי חודש","לא","לא","לא","","אזור המרכז","31-50 עובדים","תכנון מבני מגורים (בנייה רוויה);מבני ציבור;מבני מסחר ומשרדים","4","מילבאוור "
"2025/09/01 10:27:51 PM GMT‎+3‎","נקבה","26-30","הטכניון חיפה","משרה חלקית/מלאה","","","","תואר ראשון ושני באדריכלות","2-5 שנים","","11,001 - 12,000 ש""ח","9","5","פיזית בלבד","מידי חודש","לא","לא","לא","","אזור חיפה","31-50 עובדים","תכנון מבני מגורים (בנייה רוויה);מבני ציבור;מבני מסחר ומשרדים;התחדשות עירונית / תמ""א 38","2","שורץ בסנוסוף אדר "
"2025/09/01 10:31:12 PM GMT‎+3‎","נקבה","26-30","הטכניון חיפה","משרה חלקית/מלאה","","","","תואר ראשון באדריכלות","פחות משנתיים","","9,001 - 10,000 ש""ח","8","5","פיזית בלבד","מידי שבוע","לא","לא","לא","","אזור המרכז","50+ עובדים","תכנון מבני מגורים (בנייה רוויה)","3","בר אוריין"
"2025/09/01 10:33:09 PM GMT‎+3‎","נקבה","26-30","אוניברסיטת תל אביב","משרה חלקית/מלאה","","","","תואר ראשון באדריכלות","פחות משנתיים","50","12,001 - 13,000 ש""ח","9","5","פיזית בלבד","אף פעם","כן","לא","לא","","אזור המרכז","1-10 עובדים","תכנון מבני מגורים (בנייה רוויה);מבני ציבור","5",""
"2025/09/01 10:35:37 PM GMT‎+3‎","זכר","26-30","הטכניון חיפה","משרה חלקית/מלאה","","","","תואר ראשון ושני באדריכלות","2-5 שנים","65","14,001 - 15,000 ש""ח","9","5","היברידית","לעיתים רחוקות מאוד","כן","לא","לא","","אזור המרכז","1-10 עובדים","תכנון מבני מגורים (בנייה רוויה);תכנון וילות ובתי מגורים פרטיים;עיצוב פנים;התחדשות עירונית / תמ""א 38","5",""
"2025/09/01 10:36:16 PM GMT‎+3‎","נקבה","26-30","אוניברסיטת תל אביב","משרה חלקית/מלאה","","","","תואר ראשון באדריכלות","פחות משנתיים","50 ש״ח לשעה","13,001 - 14,000 ש""ח","9","5","פיזית בלבד","לעיתים רחוקות מאוד","לא","לא","לא","","אזור המרכז","11-30 עובדים","תכנון מבני מגורים (בנייה רוויה);התחדשות עירונית / תמ""א 38","5",""
"2025/09/01 10:37:08 PM GMT‎+3‎","נקבה","20-25","הטכניון חיפה","משרה חלקית/מלאה","","","","תואר ראשון באדריכלות","ללא ניסיון","","20,001 - 21,000 ש""ח","5","3","היברידית","אף פעם","כן","כן","כן","","אזור הצפון","1-10 עובדים","תכנון מבני מגורים (בנייה רוויה)","5",""
"2025/09/01 10:41:39 PM GMT‎+3‎","נקבה","26-30","הטכניון חיפה","משרת סטודנט","שנה ה'","ללא ניסיון","50","","","","","8","2","פיזית בלבד","מידי שבוע","לא","לא","לא","","אזור המרכז","50+ עובדים","תכנון מבני מגורים (בנייה רוויה);מבני ציבור;מבני מסחר ומשרדים;התחדשות עירונית / תמ""א 38","4",""
"2025/09/01 10:54:32 PM GMT‎+3‎","נקבה","26-30","אוניברסיטת תל אביב","משרה חלקית/מלאה","","","","תואר ראשון באדריכלות","פחות משנתיים","65","13,001 - 14,000 ש""ח","9","5","פיזית בלבד","אף פעם","כן","לא","לא","2 ימי חופשה נוספים ","אזור המרכז","50+ עובדים","מבני ציבור","3","פלג אדריכלים"
"2025/09/01 10:54:42 PM GMT‎+3‎","נקבה","26-30","אוניברסיטת תל אביב","משרה חלקית/מלאה","","","","תואר ראשון באדריכלות","פחות משנתיים","60","12,001 - 13,000 ש""ח","8","5","פיזית בלבד","לעיתים רחוקות מאוד","כן","לא","לא","","אזור המרכז","11-30 עובדים","תכנון מבני מגורים (בנייה רוויה);מבני ציבור;מבני מסחר ומשרדים;התחדשות עירונית / תמ""א 38","3",""
"2025/09/01 10:57:39 PM GMT‎+3‎","נקבה","26-30","אוניברסיטת תל אביב","משרה חלקית/מלאה","","","","תואר ראשון באדריכלות","ללא ניסיון","","12,001 - 13,000 ש""ח","9","5","פיזית בלבד","אף פעם","לא","לא","לא","","אזור המרכז","50+ עובדים","מבני ציבור;מבני מסחר ומשרדים","",""
"2025/09/01 10:59:50 PM GMT‎+3‎","נקבה","26-30","הטכניון חיפה","משרה חלקית/מלאה","","","","תואר ראשון ושני באדריכלות","2-5 שנים","50","10,001 - 11,000 ש""ח","8","5","היברידית","לעיתים רחוקות מאוד","לא","לא","לא","","אזור חיפה","1-10 עובדים","תכנון מבני מגורים (בנייה רוויה);מבני ציבור;מבני מסחר ומשרדים;עיצוב פנים;התחדשות עירונית / תמ""א 38","2",""
"2025/09/01 11:05:44 PM GMT‎+3‎","נקבה","26-30","הטכניון חיפה","משרה חלקית/מלאה","","","","תואר ראשון ושני באדריכלות","פחות משנתיים","50","10,001 - 11,000 ש""ח","9","5","פיזית בלבד","לעיתים רחוקות מאוד","לא","לא","לא","","אזור חיפה","50+ עובדים","תכנון מבני מגורים (בנייה רוויה);מבני ציבור;עירוני","3","גורדון אדריכלים"
"2025/09/01 11:07:20 PM GMT‎+3‎","נקבה","26-30","הטכניון חיפה","משרת סטודנט","שנה ו'","שנה","48","","","","","8","2","פיזית בלבד","אף פעם","לא","לא","לא","","אזור חיפה","1-10 עובדים","תכנון מבני מגורים (בנייה רוויה);מבני ציבור","4","י.י. גרנות"
"2025/09/01 11:08:11 PM GMT‎+3‎","זכר","26-30","הטכניון חיפה","משרת סטודנט","שנה ו'","שנתיים","60","","","","","9","3","פיזית בלבד","לעיתים רחוקות מאוד","לא","לא","לא","יש בונוס שנתי לא גדול ולא מעט פינוקים לעובדים","אזור המרכז","11-30 עובדים","תכנון מבני מגורים (בנייה רוויה);עיצוב פנים;התחדשות עירונית / תמ""א 38","4",""
"2025/09/01 11:35:28 PM GMT‎+3‎","נקבה","20-25","אוניברסיטת תל אביב","משרת סטודנט","שנה ה'","שנה","50","","","","","7","2","פיזית בלבד","אף פעם","לא","לא","לא","","אזור המרכז","1-10 עובדים","מבני ציבור","2","רוני זייברט"
"2025/09/02 12:56:28 AM GMT‎+3‎","זכר","20-25","הטכניון חיפה","משרת סטודנט","שנה ה'","שנתיים","55","","","","","9","4","היברידית","לעיתים רחוקות מאוד","לא","לא","לא","","אזור חיפה","11-30 עובדים","מבני ציבור;מבני מסחר ומשרדים;התחדשות עירונית / תמ""א 38;אדריכלות נוף;תכנון ערים","5","וכמן אדריכלים "
"2025/09/02 2:40:35 AM GMT‎+3‎","זכר","26-30","הטכניון חיפה","משרת סטודנט","שנה ו'","ללא ניסיון","73","","","","","9","4","היברידית","אף פעם","לא","לא","לא","","אזור המרכז","31-50 עובדים","התחדשות עירונית / תמ""א 38","5",""
"2025/09/02 4:18:01 AM GMT‎+3‎","נקבה","26-30","הטכניון חיפה","משרה חלקית/מלאה","","","","תואר ראשון ושני באדריכלות","2-5 שנים","48","פחות מ-8,000 ש""ח","8","2","פיזית בלבד","אף פעם","לא","לא","לא","","אזור ירושלים","11-30 עובדים","התחדשות עירונית / תמ""א 38;שימור מבנים","1","שפירא אדריכלים "
"2025/09/02 4:21:50 AM GMT‎+3‎","זכר","41-45","הטכניון חיפה","משרה חלקית/מלאה","","","","תואר ראשון ושני באדריכלות","2-5 שנים","","17,001 - 18,000 ש""ח","9","5","היברידית","אף פעם","לא","לא","לא","","אזור השרון","1-10 עובדים","תכנון מבני מגורים (בנייה רוויה);התחדשות עירונית / תמ""א 38","3",""
"2025/09/02 5:15:25 AM GMT‎+3‎","נקבה","26-30","אוניברסיטת תל אביב","משרה חלקית/מלאה","","","","תואר ראשון באדריכלות","פחות משנתיים","","9,001 - 10,000 ש""ח","9","5","פיזית בלבד","אף פעם","כן","לא","לא","אין","אזור המרכז","1-10 עובדים","תכנון מבני מגורים (בנייה רוויה);התחדשות עירונית / תמ""א 38","4",""
"2025/09/02 6:16:24 AM GMT‎+3‎","נקבה","26-30","ויצו חיפה","משרה חלקית/מלאה","","","","תואר ראשון באדריכלות","2-5 שנים","","12,001 - 13,000 ש""ח","9","5","פיזית בלבד","מידי שבוע","כן","לא","לא","","אזור חיפה","31-50 עובדים","תכנון מבני מגורים (בנייה רוויה);מבני ציבור;מבני מסחר ומשרדים;התחדשות עירונית / תמ""א 38","3",""
"2025/09/02 6:56:58 AM GMT‎+3‎","זכר","26-30","אוניברסיטת תל אביב","משרת סטודנט","שנה ה'","שנה","50","","","","","9","2","פיזית בלבד","לעיתים רחוקות מאוד","לא","לא","לא","שי לחג","אזור המרכז","1-10 עובדים","תכנון וילות ובתי מגורים פרטיים;מבני ציבור","2","אהד יחיאלי אדריכלים"
"2025/09/02 7:29:28 AM GMT‎+3‎","נקבה","26-30","ויצו חיפה","משרה חלקית/מלאה","","","","תואר ראשון באדריכלות","2-5 שנים","45","13,001 - 14,000 ש""ח","9","5","פיזית בלבד","אף פעם","לא","לא","לא","מחלה מהיום הראשון","אזור המרכז","31-50 עובדים","תכנון מבני מגורים (בנייה רוויה);התחדשות עירונית / תמ""א 38","3",""
"2025/09/02 7:34:31 AM GMT‎+3‎","נקבה","20-25","הטכניון חיפה","משרה חלקית/מלאה","","","","תואר ראשון ושני באדריכלות","פחות משנתיים","","13,001 - 14,000 ש""ח","9","5","היברידית","מידי חודש","כן","לא","לא","","אזור המרכז","11-30 עובדים","תכנון מבני מגורים (בנייה רוויה);מבני ציבור;מבני מסחר ומשרדים","4",""
"2025/09/02 7:37:54 AM GMT‎+3‎","נקבה","26-30","הטכניון חיפה","משרת סטודנט","שנה ה'","שנה","60","","","","","8","5","פיזית בלבד","אף פעם","לא","לא","לא","","אזור המרכז","11-30 עובדים","תכנון מבני מגורים (בנייה רוויה);שימור מבנים","3",""
"2025/09/02 8:15:43 AM GMT‎+3‎","נקבה","26-30","הטכניון חיפה","משרת סטודנט","שנה ה'","שנה","50","","","","","9","3","פיזית בלבד","לעיתים רחוקות מאוד","לא","לא","לא","","אזור המרכז","50+ עובדים","תכנון מבני מגורים (בנייה רוויה);מבני ציבור;מבני מסחר ומשרדים","5","משה צור "
"2025/09/02 8:23:16 AM GMT‎+3‎","זכר","31-35","הטכניון חיפה","משרה חלקית/מלאה","","","","תואר ראשון באדריכלות","2-5 שנים","","15,001 - 16,000 ש""ח","8","5","פיזית בלבד","מידי שבוע","כן","כן","לא","","אזור הצפון","11-30 עובדים","אדריכלות נוף","5",""
"2025/09/02 8:45:04 AM GMT‎+3‎","זכר","26-30","הטכניון חיפה","משרה חלקית/מלאה","","","","תואר ראשון באדריכלות","ללא ניסיון","","12,001 - 13,000 ש""ח","9","5","פיזית בלבד","לעיתים רחוקות מאוד","כן","לא","לא","","אזור המרכז","1-10 עובדים","תכנון מבני מגורים (בנייה רוויה);מבני ציבור;התחדשות עירונית / תמ""א 38;שימור מבנים","3",""
"2025/09/02 8:49:05 AM GMT‎+3‎","נקבה","26-30","הטכניון חיפה","משרה חלקית/מלאה","","","","תואר ראשון ושני באדריכלות","2-5 שנים","55","11,001 - 12,000 ש""ח","9","5","היברידית","מידי שבוע","לא","לא","לא","2 ימי חופש מעבר לחוק, תשלום מחלה מהיום הראשון והפסקת צהריים בתשלום","אזור חיפה","50+ עובדים","תכנון מבני מגורים (בנייה רוויה);מבני ציבור;מבני מסחר ומשרדים;התחדשות עירונית / תמ""א 38;תבע ועיצוב עירוני","3",""
"2025/09/02 9:12:32 AM GMT‎+3‎","נקבה","26-30","אוניברסיטת אריאל","משרה חלקית/מלאה","","","","תואר ראשון באדריכלות","פחות משנתיים","65","14,001 - 15,000 ש""ח","9","5","פיזית בלבד","מידי חודש","לא","לא","לא","","אזור המרכז","50+ עובדים","תכנון מבני מגורים (בנייה רוויה)","5",""
"2025/09/02 9:13:34 AM GMT‎+3‎","זכר","26-30","אוניברסיטת אריאל","משרה חלקית/מלאה","","","","תואר ראשון באדריכלות","2-5 שנים","","9,001 - 10,000 ש""ח","9","5","פיזית בלבד","אף פעם","לא","לא","לא","","אזור השרון","1-10 עובדים","תכנון מבני מגורים (בנייה רוויה);התחדשות עירונית / תמ""א 38","3",""
"2025/09/02 9:14:03 AM GMT‎+3‎","נקבה","26-30","אוניברסיטת אריאל","משרת סטודנט","שנה ה'","שנתיים","50","","","","","8","2","פיזית בלבד","אף פעם","כן","לא","לא","","אזור המרכז","1-10 עובדים","מבני ציבור","4","רגבים+"
"2025/09/02 9:17:21 AM GMT‎+3‎","זכר","26-30","אוניברסיטת אריאל","משרה חלקית/מלאה","","","","תואר ראשון באדריכלות","פחות משנתיים","60","11,001 - 12,000 ש""ח","8","5","פיזית בלבד","מידי חודש","לא","לא","לא","","אזור המרכז","11-30 עובדים","תכנון מבני מגורים (בנייה רוויה);תכנון וילות ובתי מגורים פרטיים;התחדשות עירונית / תמ""א 38","4",""
"2025/09/02 9:18:14 AM GMT‎+3‎","נקבה","26-30","אוניברסיטת אריאל","משרה חלקית/מלאה","","","","תואר ראשון באדריכלות","2-5 שנים","50","13,001 - 14,000 ש""ח","9","5","פיזית בלבד","לעיתים רחוקות מאוד","כן","לא","לא","","אזור המרכז","50+ עובדים","תכנון מבני מגורים (בנייה רוויה);מבני ציבור;מבני מסחר ומשרדים","5",""
"2025/09/02 9:20:21 AM GMT‎+3‎","נקבה","26-30","אוניברסיטת אריאל","משרת סטודנט","שנה ה'","שנתיים","55","","","","","8","3","פיזית בלבד","אף פעם","לא","לא","לא","","אזור ירושלים","11-30 עובדים","בתי חולים ","4",""
"2025/09/02 9:22:52 AM GMT‎+3‎","נקבה","26-30","אוניברסיטת אריאל","משרה חלקית/מלאה","","","","תואר ראשון באדריכלות","פחות משנתיים","50","8,000 - 9,000 ש""ח","8","5","היברידית","לעיתים רחוקות מאוד","לא","לא","לא","","אזור המרכז","31-50 עובדים","תכנון מבני מגורים (בנייה רוויה);התחדשות עירונית / תמ""א 38","4","קרינסקי גוטליב"
"2025/09/02 9:23:03 AM GMT‎+3‎","נקבה","20-25","הטכניון חיפה","משרה חלקית/מלאה","","","","תואר ראשון באדריכלות","2-5 שנים","45","פחות מ-8,000 ש""ח","8","2","היברידית","מידי שבוע","כן","לא","לא","","אזור הצפון","1-10 עובדים","תכנון וילות ובתי מגורים פרטיים;מבני מסחר ומשרדים;עיצוב פנים","5",""
"2025/09/02 9:24:50 AM GMT‎+3‎","זכר","31-35","אוניברסיטת אריאל","משרה חלקית/מלאה","","","","תואר ראשון באדריכלות","פחות משנתיים","50","10,001 - 11,000 ש""ח","9","5","פיזית בלבד","אף פעם","לא","לא","לא","","אזור המרכז","50+ עובדים","תכנון מבני מגורים (בנייה רוויה);מבני ציבור;מבני מסחר ומשרדים;התחדשות עירונית / תמ""א 38","3",""
"2025/09/02 9:25:45 AM GMT‎+3‎","נקבה","26-30","אוניברסיטת אריאל","משרה חלקית/מלאה","","","","תואר ראשון באדריכלות","פחות משנתיים","45","פחות מ-8,000 ש""ח","8","2","פיזית בלבד","מידי חודש","לא","לא","לא","","אזור המרכז","1-10 עובדים","תכנון וילות ובתי מגורים פרטיים;מבני ציבור","3",""
"2025/09/02 9:29:04 AM GMT‎+3‎","נקבה","26-30","אוניברסיטת אריאל","משרה חלקית/מלאה","","","","תואר ראשון באדריכלות","פחות משנתיים","52 לשעה ","9,001 - 10,000 ש""ח","9","5","פיזית בלבד","מידי חודש","לא","לא","לא","","אזור המרכז","50+ עובדים","תכנון מבני מגורים (בנייה רוויה);מבני ציבור;מבני מסחר ומשרדים;התחדשות עירונית / תמ""א 38","4","מילוסלבסקי "
"2025/09/02 9:30:22 AM GMT‎+3‎","נקבה","26-30","אוניברסיטת אריאל","משרת סטודנט","שנה ה'","שנתיים","50","","","","","8","2","פיזית בלבד","לעיתים רחוקות מאוד","כן","לא","לא","","אזור המרכז","1-10 עובדים","תמ״א ושכונות","4","בוכמן הוקמן אדריכלים"
"2025/09/02 9:33:00 AM GMT‎+3‎","נקבה","26-30","אוניברסיטת אריאל","משרה חלקית/מלאה","","","","תואר ראשון באדריכלות","ללא ניסיון","","14,001 - 15,000 ש""ח","9","5","פיזית בלבד","מידי חודש","לא","לא","לא","","אזור ירושלים","1-10 עובדים","תכנון מבני מגורים (בנייה רוויה)","4",""
"2025/09/02 9:35:39 AM GMT‎+3‎","נקבה","26-30","אוניברסיטת אריאל","משרה חלקית/מלאה","","","","תואר ראשון באדריכלות","פחות משנתיים","45 לשעה","פחות מ-8,000 ש""ח","9","5","פיזית בלבד","אף פעם","לא","לא","לא","","אזור המרכז","1-10 עובדים","תכנון מבני מגורים (בנייה רוויה);תכנון וילות ובתי מגורים פרטיים;עיצוב פנים;התחדשות עירונית / תמ""א 38","2",""
"2025/09/02 9:41:46 AM GMT‎+3‎","נקבה","26-30","הטכניון חיפה","משרה חלקית/מלאה","","","","תואר שני באדריכלות","2-5 שנים","60","9,001 - 10,000 ש""ח","8","4","פיזית בלבד","אף פעם","לא","לא","לא","","אזור המרכז","50+ עובדים","מבני מסחר ומשרדים","5",""
"2025/09/02 9:46:33 AM GMT‎+3‎","זכר","26-30","אוניברסיטת אריאל","משרה חלקית/מלאה","","","","תואר ראשון באדריכלות","פחות משנתיים","60","14,001 - 15,000 ש""ח","9","5","פיזית בלבד","לעיתים רחוקות מאוד","לא","לא","לא","","אזור המרכז","50+ עובדים","תכנון מבני מגורים (בנייה רוויה);מבני מסחר ומשרדים;התחדשות עירונית / תמ""א 38","4","משרד גדול מרכז תל אביב "
"2025/09/02 10:09:37 AM GMT‎+3‎","נקבה","26-30","אוניברסיטת אריאל","משרת סטודנט","שנה ה'","שלוש","32","","","","","8","3","פיזית בלבד","לעיתים רחוקות מאוד","כן","לא","לא","","אזור הדרום","50+ עובדים","מבני ציבור;מבני מסחר ומשרדים;התחדשות עירונית / תמ""א 38;תכנון עיר","3","תכנון עיר בעירייה"
"2025/09/02 10:20:41 AM GMT‎+3‎","נקבה","20-25","הטכניון חיפה","משרה חלקית/מלאה","","","","תואר ראשון ושני באדריכלות","2-5 שנים","35","פחות מ-8,000 ש""ח","9","3","פיזית בלבד","לעיתים רחוקות מאוד","לא","לא","לא","","אזור הצפון","1-10 עובדים","תכנון מבני מגורים (בנייה רוויה);תכנון וילות ובתי מגורים פרטיים;מבני ציבור;מבני מסחר ומשרדים;פיקוח בנייה / ניהול פרויקטים","5","אשס ייעוץ בתכנון בינוי ערים"
"2025/09/02 10:29:43 AM GMT‎+3‎","נקבה","26-30","אוניברסיטת אריאל","משרה חלקית/מלאה","","","","תואר ראשון באדריכלות","פחות משנתיים","60 לשעה","10,001 - 11,000 ש""ח","9","5","פיזית בלבד","מידי שבוע","כן","כן","לא","","אזור המרכז","1-10 עובדים","מבני ציבור","4","שירי פרת אדריכלים "
"2025/09/02 10:45:59 AM GMT‎+3‎","נקבה","31-35","הטכניון חיפה","משרה חלקית/מלאה","","","","תואר ראשון ושני באדריכלות","2-5 שנים","","13,001 - 14,000 ש""ח","8","5","פיזית בלבד","מידי שבוע","לא","לא","לא","","אזור המרכז","1-10 עובדים","תכנון מבני מגורים (בנייה רוויה);התחדשות עירונית / תמ""א 38","2",""
"2025/09/02 10:47:10 AM GMT‎+3‎","נקבה","26-30","הטכניון חיפה","משרת סטודנט","שנה ג'","שנתיים","50","","","","","6","2","פיזית בלבד","לעיתים רחוקות מאוד","לא","לא","לא","","אזור חיפה","1-10 עובדים","תכנון וילות ובתי מגורים פרטיים;עיצוב פנים","4","סאאב אדריכלים"
"2025/09/02 10:53:55 AM GMT‎+3‎","נקבה","26-30","אוניברסיטת אריאל","משרה חלקית/מלאה","","","","תואר ראשון באדריכלות","2-5 שנים","65","12,001 - 13,000 ש""ח","9","5","פיזית בלבד","מידי שבוע","לא","לא","לא","","אזור המרכז","11-30 עובדים","תכנון מבני מגורים (בנייה רוויה)","3",""
"2025/09/02 11:12:29 AM GMT‎+3‎","זכר","26-30","אוניברסיטת תל אביב","משרה חלקית/מלאה","","","","תואר ראשון באדריכלות","פחות משנתיים","55","11,001 - 12,000 ש""ח","9","5","פיזית בלבד","אף פעם","לא","לא","לא","","אזור המרכז","1-10 עובדים","תכנון מבני מגורים (בנייה רוויה);מבני ציבור;מבני מסחר ומשרדים;עיצוב פנים;התחדשות עירונית / תמ""א 38","3","ירון ישראל אדריכלים"
"2025/09/02 11:14:12 AM GMT‎+3‎","נקבה","26-30","אוניברסיטת תל אביב","משרה חלקית/מלאה","","","","תואר ראשון באדריכלות","פחות משנתיים","50","12,001 - 13,000 ש""ח","9","5","פיזית בלבד","אף פעם","כן","לא","לא","","אזור המרכז","1-10 עובדים","תכנון מבני מגורים (בנייה רוויה);מבני ציבור;התחדשות עירונית / תמ""א 38","4",""
"2025/09/02 11:14:50 AM GMT‎+3‎","נקבה","26-30","אוניברסיטת תל אביב","משרה חלקית/מלאה","","","","תואר ראשון באדריכלות","ללא ניסיון","","פחות מ-8,000 ש""ח","9","5","פיזית בלבד","מידי שבוע","כן","כן","לא","","אזור חיפה","50+ עובדים","תכנון מבני מגורים (בנייה רוויה);מבני ציבור;מבני מסחר ומשרדים;התחדשות עירונית / תמ""א 38;פיקוח בנייה / ניהול פרויקטים","3","גורדון אדריכלים"
"2025/09/02 11:16:52 AM GMT‎+3‎","זכר","31-35","אוניברסיטת תל אביב","משרה חלקית/מלאה","","","","תואר ראשון באדריכלות","פחות משנתיים","","12,001 - 13,000 ש""ח","8","5","פיזית בלבד","אף פעם","לא","לא","לא","","אזור המרכז","1-10 עובדים","תכנון עירוני","4",""
"2025/09/02 11:17:04 AM GMT‎+3‎","נקבה","26-30","אוניברסיטת תל אביב","משרה חלקית/מלאה","","","","תואר ראשון באדריכלות","2-5 שנים","55","12,001 - 13,000 ש""ח","8","5","פיזית בלבד","אף פעם","לא","לא","לא","התעקשתי על קרן השתלמות והסכימו בתנאי שזה יוצא מהמשכורת ברוטו שלי. בנוסף, הדמי נסיעות נכללות גם בברוטו.","אזור המרכז","11-30 עובדים","תכנון מבני מגורים (בנייה רוויה);תב""עות","3",""
"2025/09/02 11:19:56 AM GMT‎+3‎","זכר","26-30","אוניברסיטת תל אביב","משרה חלקית/מלאה","","","","תואר ראשון באדריכלות","פחות משנתיים","50","10,001 - 11,000 ש""ח","9","5","היברידית","מידי שבוע","לא","לא","לא","","אזור המרכז","11-30 עובדים","תכנון מבני מגורים (בנייה רוויה);מבני ציבור;מבני מסחר ומשרדים;התחדשות עירונית / תמ""א 38;פיקוח בנייה / ניהול פרויקטים;תכנון עירוני","4",""
"2025/09/02 11:26:38 AM GMT‎+3‎","נקבה","26-30","אוניברסיטת תל אביב","משרה חלקית/מלאה","","","","תואר ראשון באדריכלות","פחות משנתיים","","9,001 - 10,000 ש""ח","9","5","פיזית בלבד","מידי שבוע","כן","לא","לא","שני ימי חופשה בחודש","אזור חיפה","50+ עובדים","התחדשות עירונית / תמ""א 38","3","גורדון אדריכלים"
"2025/09/02 11:29:57 AM GMT‎+3‎","נקבה","31-35","אוניברסיטת תל אביב","משרה חלקית/מלאה","","","","תואר ראשון באדריכלות","פחות משנתיים","55","11,001 - 12,000 ש""ח","9","5","פיזית בלבד","לעיתים רחוקות מאוד","לא","לא","לא","","אזור המרכז","1-10 עובדים","תכנון וילות ובתי מגורים פרטיים;מבני ציבור;מבני מסחר ומשרדים;שימור מבנים","5",""
"2025/09/02 11:32:18 AM GMT‎+3‎","זכר","26-30","בצלאל","משרה חלקית/מלאה","","","","תואר ראשון באדריכלות","2-5 שנים","55","14,001 - 15,000 ש""ח","9","5","פיזית בלבד","לעיתים רחוקות מאוד","כן","לא","לא","קרן השתלמות","אזור המרכז","50+ עובדים","תכנון מבני מגורים (בנייה רוויה);מבני ציבור;מבני מסחר ומשרדים;התחדשות עירונית / תמ""א 38","4",""
"2025/09/02 11:36:13 AM GMT‎+3‎","זכר","26-30","אוניברסיטת אריאל","משרה חלקית/מלאה","","","","תואר ראשון באדריכלות","פחות משנתיים","42 אחרי העלאה","פחות מ-8,000 ש""ח","8","3","פיזית בלבד","לעיתים רחוקות מאוד","לא","לא","לא","ימי חופשה מעבר לחוק","אזור ירושלים","1-10 עובדים","תכנון מבני מגורים (בנייה רוויה);תכנון וילות ובתי מגורים פרטיים;מבני ציבור","3",""
"2025/09/02 11:36:16 AM GMT‎+3‎","זכר","31-35","אוניברסיטת תל אביב","משרה חלקית/מלאה","","","","תואר ראשון באדריכלות","ללא ניסיון","","13,001 - 14,000 ש""ח","9","5","פיזית בלבד","מידי חודש","לא","לא","לא","","אזור המרכז","50+ עובדים","תכנון מבני מגורים (בנייה רוויה);מבני מסחר ומשרדים;התחדשות עירונית / תמ""א 38","",""
"2025/09/02 11:36:54 AM GMT‎+3‎","נקבה","26-30","אוניברסיטת תל אביב","משרה חלקית/מלאה","","","","תואר ראשון באדריכלות","פחות משנתיים","62","11,001 - 12,000 ש""ח","9","3","פיזית בלבד","אף פעם","כן","לא","לא","","אזור המרכז","11-30 עובדים","תכנון מבני מגורים (בנייה רוויה);התחדשות עירונית / תמ""א 38","5","VSOC "
"2025/09/02 11:38:21 AM GMT‎+3‎","זכר","31-35","אוניברסיטת תל אביב","משרה חלקית/מלאה","","","","תואר ראשון באדריכלות","פחות משנתיים","60","12,001 - 13,000 ש""ח","9","5","פיזית בלבד","אף פעם","כן","לא","לא","","אזור המרכז","1-10 עובדים","שימור מבנים","1","אמנון בר אור טל גזית אדריכלים"
"2025/09/02 11:39:12 AM GMT‎+3‎","נקבה","26-30","אוניברסיטת תל אביב","משרה חלקית/מלאה","","","","תואר ראשון באדריכלות","ללא ניסיון","","פחות מ-8,000 ש""ח","10","5","היברידית","מידי חודש","כן","לא","לא","","אזור המרכז","31-50 עובדים","תכנון מבני מגורים (בנייה רוויה);תכנון וילות ובתי מגורים פרטיים;עיצוב פנים;התחדשות עירונית / תמ""א 38","3",""
"2025/09/02 11:40:19 AM GMT‎+3‎","נקבה","20-25","אוניברסיטת תל אביב","משרה חלקית/מלאה","","","","תואר ראשון באדריכלות","פחות משנתיים","55","12,001 - 13,000 ש""ח","8","5","היברידית","אף פעם","כן","כן","כן","","אזור המרכז","11-30 עובדים","תכנון מבני מגורים (בנייה רוויה);מבני ציבור;מבני מסחר ומשרדים;התחדשות עירונית / תמ""א 38","4",""
"2025/09/02 11:40:52 AM GMT‎+3‎","נקבה","20-25","אוניברסיטת תל אביב","משרה חלקית/מלאה","","","","תואר ראשון באדריכלות","2-5 שנים","32","9,001 - 10,000 ש""ח","9","5","פיזית בלבד","מידי שבוע","כן","כן","לא","","אזור המרכז","31-50 עובדים","תכנון מבני מגורים (בנייה רוויה);מבני ציבור;מבני מסחר ומשרדים;עיצוב פנים;התחדשות עירונית / תמ""א 38","2","mann shinar"
"2025/09/02 11:44:10 AM GMT‎+3‎","נקבה","26-30","אוניברסיטת תל אביב","משרה חלקית/מלאה","","","","תואר ראשון באדריכלות","פחות משנתיים","45","13,001 - 14,000 ש""ח","9","5","פיזית בלבד","מידי חודש","כן","לא","לא","","אזור המרכז","1-10 עובדים","תכנון מבני מגורים (בנייה רוויה);מבני ציבור;מבני מסחר ומשרדים;התחדשות עירונית / תמ""א 38","5",""
"2025/09/02 11:53:26 AM GMT‎+3‎","נקבה","26-30","אוניברסיטת תל אביב","משרה חלקית/מלאה","","","","תואר ראשון באדריכלות","פחות משנתיים","47 לשעה בתור סטודנטית","11,001 - 12,000 ש""ח","9","5","היברידית","מידי חודש","לא","לא","לא","","אזור המרכז","1-10 עובדים","תכנון מבני מגורים (בנייה רוויה);תכנון וילות ובתי מגורים פרטיים;התחדשות עירונית / תמ""א 38","3",""
"2025/09/02 12:02:56 PM GMT‎+3‎","נקבה","26-30","אוניברסיטת אריאל","משרה חלקית/מלאה","","","","תואר ראשון באדריכלות","פחות משנתיים","40","9,001 - 10,000 ש""ח","9","5","היברידית","לעיתים רחוקות מאוד","כן","לא","לא","","אזור השרון","31-50 עובדים","תכנון מבני מגורים (בנייה רוויה);מבני ציבור;מבני מסחר ומשרדים;התחדשות עירונית / תמ""א 38","4",""
"2025/09/02 12:09:22 PM GMT‎+3‎","נקבה","26-30","אוניברסיטת תל אביב","משרה חלקית/מלאה","","","","תואר ראשון באדריכלות","ללא ניסיון","65","11,001 - 12,000 ש""ח","8","5","פיזית בלבד","אף פעם","כן","לא","לא","","אזור המרכז","31-50 עובדים","מבני ציבור;מבני מסחר ומשרדים","2","פלג אדריכלים"
"2025/09/02 12:13:04 PM GMT‎+3‎","נקבה","26-30","אוניברסיטת תל אביב","משרה חלקית/מלאה","","","","תואר ראשון באדריכלות","2-5 שנים","70","פחות מ-8,000 ש""ח","9","2","פיזית בלבד","לעיתים רחוקות מאוד","כן","לא","לא","","אזור המרכז","1-10 עובדים","שימור מבנים","1","אמנון בר אור טל גזית אדריכלים"
"2025/09/02 12:27:41 PM GMT‎+3‎","נקבה","26-30","הטכניון חיפה","משרה חלקית/מלאה","","","","תואר ראשון ושני באדריכלות","2-5 שנים","","15,001 - 16,000 ש""ח","9","5","פיזית בלבד","מידי חודש","כן","כן","לא","17 ימי חופש בשנה","אזור המרכז","1-10 עובדים","מבני ציבור","5",""
"2025/09/02 12:29:00 PM GMT‎+3‎","נקבה","26-30","אוניברסיטת תל אביב","משרה חלקית/מלאה","","","","תואר ראשון באדריכלות","פחות משנתיים","60","פחות מ-8,000 ש""ח","9","3","פיזית בלבד","אף פעם","כן","לא","לא","","אזור המרכז","1-10 עובדים","תכנון מבני מגורים (בנייה רוויה);תכנון וילות ובתי מגורים פרטיים;מבני ציבור;עיצוב פנים;התחדשות עירונית / תמ""א 38;שימור מבנים","4","יואב מסר אדריכלים "
"2025/09/02 12:52:32 PM GMT‎+3‎","נקבה","26-30","אוניברסיטת תל אביב","משרה חלקית/מלאה","","","","תואר ראשון באדריכלות","פחות משנתיים","50 לשעה ","12,001 - 13,000 ש""ח","9","5","פיזית בלבד","אף פעם","לא","לא","לא","","אזור המרכז","1-10 עובדים","תכנון מבני מגורים (בנייה רוויה);תכנון וילות ובתי מגורים פרטיים;מבני ציבור;עיצוב פנים;התחדשות עירונית / תמ""א 38;שימור מבנים;פיקוח בנייה / ניהול פרויקטים","3",""
"2025/09/02 1:26:15 PM GMT‎+3‎","זכר","26-30","אוניברסיטת אריאל","משרה חלקית/מלאה","","","","תואר ראשון באדריכלות","פחות משנתיים","55 לשעה","13,001 - 14,000 ש""ח","9","5","פיזית בלבד","אף פעם","לא","לא","לא","","אזור המרכז","50+ עובדים","תכנון מבני מגורים (בנייה רוויה);מבני מסחר ומשרדים;התחדשות עירונית / תמ""א 38","4","מילוסלבסקי אדריכלים"
"2025/09/02 1:40:28 PM GMT‎+3‎","זכר","26-30","הטכניון חיפה","משרה חלקית/מלאה","","","","תואר ראשון באדריכלות","2-5 שנים","","9,001 - 10,000 ש""ח","8","5","פיזית בלבד","אף פעם","כן","לא","לא","","אזור המרכז","1-10 עובדים","אדריכלות נוף","4",""
"2025/09/02 2:07:49 PM GMT‎+3‎","נקבה","20-25","אוניברסיטת תל אביב","משרת סטודנט","שנה ה'","ללא ניסיון","אין","","","","","10","3","היברידית","מידי שבוע","לא","לא","לא","","אזור המרכז","50+ עובדים","מבני ציבור","4",""
"2025/09/02 2:28:34 PM GMT‎+3‎","נקבה","26-30","הטכניון חיפה","משרה חלקית/מלאה","","","","תואר ראשון ושני באדריכלות","2-5 שנים","50","12,001 - 13,000 ש""ח","8","5","פיזית בלבד","לעיתים רחוקות מאוד","כן","לא","לא","","אזור חיפה","11-30 עובדים","מבני ציבור;מבני מסחר ומשרדים","4",""
"2025/09/02 3:11:29 PM GMT‎+3‎","נקבה","31-35","הטכניון חיפה","משרה חלקית/מלאה","","","","תואר ראשון ושני באדריכלות","פחות משנתיים","55","12,001 - 13,000 ש""ח","8","5","היברידית","אף פעם","כן","לא","לא","","אזור חיפה","50+ עובדים","תכנון מבני מגורים (בנייה רוויה);מבני ציבור;מבני מסחר ומשרדים;עיצוב פנים;התחדשות עירונית / תמ""א 38","4","ערן מבל אדריכלים"
"2025/09/02 3:31:06 PM GMT‎+3‎","נקבה","26-30","אוניברסיטת תל אביב","משרה חלקית/מלאה","","","","תואר ראשון באדריכלות","2-5 שנים","60","13,001 - 14,000 ש""ח","9","5","פיזית בלבד","לעיתים רחוקות מאוד","כן","לא","לא","תשלום שעות נוספות רק מעל 10 שעות בחודש","אזור המרכז","31-50 עובדים","תכנון מבני מגורים (בנייה רוויה);התחדשות עירונית / תמ""א 38","4",""
"2025/09/02 3:43:42 PM GMT‎+3‎","נקבה","26-30","אוניברסיטת אריאל","משרה חלקית/מלאה","","","","תואר ראשון באדריכלות","פחות משנתיים","50","12,001 - 13,000 ש""ח","9","5","פיזית בלבד","מידי שבוע","כן","לא","לא","","אזור המרכז","31-50 עובדים","תכנון מבני מגורים (בנייה רוויה)","4","מעוז פרייס"
"2025/09/02 4:40:32 PM GMT‎+3‎","נקבה","26-30","הטכניון חיפה","משרת סטודנט","שנה ו'","שנתיים","60","","","","","8","2","פיזית בלבד","אף פעם","לא","לא","לא","","אזור המרכז","50+ עובדים","תכנון מבני מגורים (בנייה רוויה);מבני ציבור;מבני מסחר ומשרדים;התחדשות עירונית / תמ""א 38","3",""
"2025/09/02 4:43:44 PM GMT‎+3‎","נקבה","26-30","אוניברסיטת תל אביב","משרה חלקית/מלאה","","","","תואר ראשון באדריכלות","פחות משנתיים","50 לשעה","12,001 - 13,000 ש""ח","8","5","פיזית בלבד","מידי חודש","לא","לא","לא","תשלום על מחלה החל מהיום הראשון","אזור המרכז","50+ עובדים","תכנון מבני מגורים (בנייה רוויה);מבני ציבור;מבני מסחר ומשרדים","5",""
"2025/09/02 4:45:19 PM GMT‎+3‎","נקבה","26-30","אוניברסיטת תל אביב","משרה חלקית/מלאה","","","","תואר ראשון באדריכלות","ללא ניסיון","","11,001 - 12,000 ש""ח","9","5","פיזית בלבד","אף פעם","לא","לא","לא","","אזור המרכז","50+ עובדים","תכנון מבני מגורים (בנייה רוויה);מבני ציבור;מבני מסחר ומשרדים;התחדשות עירונית / תמ""א 38","",""
"2025/09/02 4:45:34 PM GMT‎+3‎","נקבה","26-30","אוניברסיטת תל אביב","משרה חלקית/מלאה","","","","תואר ראשון באדריכלות","2-5 שנים","50","14,001 - 15,000 ש""ח","8","4","פיזית בלבד","מידי חודש","כן","לא","לא","","אזור המרכז","50+ עובדים","תכנון מבני מגורים (בנייה רוויה);מבני ציבור;מבני מסחר ומשרדים;התחדשות עירונית / תמ""א 38","3","מילוסלבסקי אדריכלים "
"2025/09/02 4:49:49 PM GMT‎+3‎","נקבה","26-30","אוניברסיטת תל אביב","משרה חלקית/מלאה","","","","תואר ראשון באדריכלות","2-5 שנים","55","12,001 - 13,000 ש""ח","9","5","פיזית בלבד","אף פעם","לא","לא","לא","","אזור המרכז","11-30 עובדים","תכנון מבני מגורים (בנייה רוויה);התחדשות עירונית / תמ""א 38;עיצוב עירוני","1","סטודיו מיא "
"2025/09/02 4:53:02 PM GMT‎+3‎","זכר","26-30","בצלאל","משרה חלקית/מלאה","","","","תואר ראשון באדריכלות","2-5 שנים","55","10,001 - 11,000 ש""ח","9","5","פיזית בלבד","אף פעם","לא","לא","לא","","אזור המרכז","1-10 עובדים","תכנון מבני מגורים (בנייה רוויה)","5",""
"2025/09/02 4:54:11 PM GMT‎+3‎","נקבה","26-30","בצלאל","משרה חלקית/מלאה","","","","תואר ראשון באדריכלות","2-5 שנים","42 לשעה ","11,001 - 12,000 ש""ח","8","5","פיזית בלבד","אף פעם","כן","לא","לא","","אזור המרכז","1-10 עובדים","תכנון העיר בעירייה, מגזר ציבורי","3",""
"2025/09/02 4:54:24 PM GMT‎+3‎","נקבה","26-30","אוניברסיטת תל אביב","משרה חלקית/מלאה","","","","תואר ראשון באדריכלות","פחות משנתיים","45","9,001 - 10,000 ש""ח","9","5","פיזית בלבד","לעיתים רחוקות מאוד","לא","לא","לא","","אזור המרכז","1-10 עובדים","מבני ציבור","3",""
"2025/09/02 4:56:19 PM GMT‎+3‎","נקבה","26-30","בצלאל","משרה חלקית/מלאה","","","","תואר ראשון באדריכלות","פחות משנתיים","55","פחות מ-8,000 ש""ח","8","3","פיזית בלבד","מידי שבוע","לא","לא","לא","","אזור המרכז","50+ עובדים","תכנון מבני מגורים (בנייה רוויה);מבני ציבור;מבני מסחר ומשרדים","3",""
"2025/09/02 5:29:59 PM GMT‎+3‎","נקבה","20-25","בצלאל","משרה חלקית/מלאה","","","","תואר ראשון באדריכלות","פחות משנתיים","50₪","11,001 - 12,000 ש""ח","9","5","היברידית","מידי חודש","לא","לא","לא","","אזור המרכז","31-50 עובדים","תכנון מבני מגורים (בנייה רוויה);מבני ציבור;התחדשות עירונית / תמ""א 38","3",""
"2025/09/02 6:05:17 PM GMT‎+3‎","נקבה","26-30","הטכניון חיפה","משרת סטודנט","שנה ו'","שלוש","95","","","","","9","5","פיזית בלבד","אף פעם","כן","לא","לא","","אזור המרכז","50+ עובדים","מבני ציבור;מבני מסחר ומשרדים","3",""
"2025/09/02 6:12:40 PM GMT‎+3‎","נקבה","26-30","הטכניון חיפה","משרה חלקית/מלאה","","","","תואר שני באדריכלות","2-5 שנים","65","13,001 - 14,000 ש""ח","9","5","פיזית בלבד","אף פעם","לא","לא","לא","","אזור חיפה","1-10 עובדים","תכנון מבני מגורים (בנייה רוויה);תכנון וילות ובתי מגורים פרטיים;מבני ציבור;מבני מסחר ומשרדים;עיצוב פנים;שימור מבנים","4",""
"2025/09/02 6:32:49 PM GMT‎+3‎","זכר","26-30","בצלאל","משרה חלקית/מלאה","","","","תואר ראשון באדריכלות","פחות משנתיים","50","פחות מ-8,000 ש""ח","9","5","היברידית","מידי שבוע","לא","לא","לא","","אזור המרכז","1-10 עובדים","תכנון מבני מגורים (בנייה רוויה);תכנון וילות ובתי מגורים פרטיים;עיצוב פנים;שימור מבנים","4",""
"2025/09/02 6:39:11 PM GMT‎+3‎","זכר","26-30","בצלאל","משרה חלקית/מלאה","","","","תואר ראשון באדריכלות","פחות משנתיים","60","12,001 - 13,000 ש""ח","9","5","פיזית בלבד","מידי שבוע","כן","לא","לא","","אזור המרכז","11-30 עובדים","תכנון מבני מגורים (בנייה רוויה);התחדשות עירונית / תמ""א 38","4",""
"2025/09/02 6:43:14 PM GMT‎+3‎","נקבה","26-30","הטכניון חיפה","משרה חלקית/מלאה","","","","תואר ראשון ושני באדריכלות","2-5 שנים","55","13,001 - 14,000 ש""ח","9","5","פיזית בלבד","לעיתים רחוקות מאוד","כן","לא","לא","","אזור חיפה","11-30 עובדים","תכנון מבני מגורים (בנייה רוויה);התחדשות עירונית / תמ""א 38","4","מילוסלבסקי"
"2025/09/02 6:55:06 PM GMT‎+3‎","זכר","26-30","בצלאל","משרה חלקית/מלאה","","","","תואר ראשון באדריכלות","פחות משנתיים","50","14,001 - 15,000 ש""ח","9","5","פיזית בלבד","לעיתים רחוקות מאוד","לא","לא","לא","","אזור המרכז","31-50 עובדים","תכנון מבני מגורים (בנייה רוויה);מבני ציבור;מבני מסחר ומשרדים;התחדשות עירונית / תמ""א 38","2",""
"2025/09/02 7:38:03 PM GMT‎+3‎","נקבה","26-30","אוניברסיטת אריאל","משרה חלקית/מלאה","","","","תואר ראשון באדריכלות","פחות משנתיים","48","11,001 - 12,000 ש""ח","8","5","פיזית בלבד","אף פעם","כן","לא","לא","","אזור המרכז","50+ עובדים","מבני ציבור;מבני מסחר ומשרדים;עיצוב פנים","4","פלג אדריכלים"
"2025/09/02 7:38:44 PM GMT‎+3‎","נקבה","26-30","אוניברסיטת אריאל","משרה חלקית/מלאה","","","","תואר ראשון באדריכלות","פחות משנתיים","55 שח לשעה","11,001 - 12,000 ש""ח","9","5","פיזית בלבד","אף פעם","לא","לא","לא","","אזור המרכז","31-50 עובדים","תכנון מבני מגורים (בנייה רוויה);התחדשות עירונית / תמ""א 38","4","זית לב אדריכלים"
"2025/09/02 7:38:55 PM GMT‎+3‎","נקבה","26-30","אוניברסיטת אריאל","משרת סטודנט","שנה ה'","שנתיים","65","","","","","9","3","פיזית בלבד","מידי שבוע","לא","לא","לא","","אזור המרכז","31-50 עובדים","תכנון מבני מגורים (בנייה רוויה)","3",""
"2025/09/02 7:44:58 PM GMT‎+3‎","זכר","26-30","אוניברסיטת אריאל","משרה חלקית/מלאה","","","","תואר ראשון באדריכלות","ללא ניסיון","50 ש״ח לשעה","10,001 - 11,000 ש""ח","9","5","פיזית בלבד","אף פעם","לא","לא","לא","","אזור המרכז","31-50 עובדים","תכנון מבני מגורים (בנייה רוויה);מבני ציבור","",""
"2025/09/02 7:46:59 PM GMT‎+3‎","זכר","31-35","אוניברסיטת אריאל","משרה חלקית/מלאה","","","","תואר ראשון באדריכלות","2-5 שנים","60","15,001 - 16,000 ש""ח","8","5","פיזית בלבד","אף פעם","לא","לא","לא","","אזור המרכז","1-10 עובדים","תכנון מבני מגורים (בנייה רוויה);תכנון וילות ובתי מגורים פרטיים;מבני ציבור;מבני מסחר ומשרדים;התחדשות עירונית / תמ""א 38","4",""
"2025/09/02 7:47:38 PM GMT‎+3‎","נקבה","26-30","הטכניון חיפה","משרה חלקית/מלאה","","","","תואר שני באדריכלות","2-5 שנים","","14,001 - 15,000 ש""ח","10","5","פיזית בלבד","מידי חודש","לא","כן","לא","","אזור חיפה","11-30 עובדים","מבני ציבור","4",""
"2025/09/02 7:51:59 PM GMT‎+3‎","נקבה","26-30","אוניברסיטת אריאל","משרה חלקית/מלאה","","","","תואר ראשון באדריכלות","פחות משנתיים","","10,001 - 11,000 ש""ח","6","5","פיזית בלבד","אף פעם","לא","לא","לא","","אזור המרכז","1-10 עובדים","תכנון מבני מגורים (בנייה רוויה)","5",""
"2025/09/02 7:57:52 PM GMT‎+3‎","נקבה","26-30","אוניברסיטת אריאל","משרה חלקית/מלאה","","","","תואר ראשון באדריכלות","פחות משנתיים","45","פחות מ-8,000 ש""ח","9","5","פיזית בלבד","אף פעם","לא","כן","לא","","אזור ירושלים","11-30 עובדים","מבני ציבור;אדריכלות נוף;פיקוח בנייה / ניהול פרויקטים","4",""
"2025/09/02 8:14:29 PM GMT‎+3‎","זכר","31-35","אוניברסיטת אריאל","משרה חלקית/מלאה","","","","תואר ראשון באדריכלות","2-5 שנים","50","11,001 - 12,000 ש""ח","9","5","פיזית בלבד","אף פעם","כן","לא","לא","","אזור המרכז","11-30 עובדים","מבני ציבור","",""
"2025/09/02 8:21:16 PM GMT‎+3‎","נקבה","36-40","בצלאל","משרה חלקית/מלאה","","","","תואר ראשון באדריכלות","ללא ניסיון","40","11,001 - 12,000 ש""ח","8","5","פיזית בלבד","אף פעם","לא","לא","לא","","אזור ירושלים","1-10 עובדים","תכנון מבני מגורים (בנייה רוויה);מבני מסחר ומשרדים;עיצוב פנים;התחדשות עירונית / תמ""א 38","5",""
"2025/09/02 8:22:46 PM GMT‎+3‎","זכר","26-30","אוניברסיטת תל אביב","משרת סטודנט","שנה ה'","שנתיים","55","","","","","9","5","היברידית","אף פעם","לא","לא","לא","","אזור המרכז","1-10 עובדים","מבני ציבור;מבני מסחר ומשרדים;התחדשות עירונית / תמ""א 38;תכנון אורבני","4",""
"2025/09/02 8:24:51 PM GMT‎+3‎","זכר","26-30","אוניברסיטת אריאל","משרה חלקית/מלאה","","","","תואר ראשון באדריכלות","פחות משנתיים","40","11,001 - 12,000 ש""ח","9","5","פיזית בלבד","אף פעם","לא","לא","לא","","אזור המרכז","11-30 עובדים","מבני ציבור;מבני מסחר ומשרדים;מבני תעשייה ","4","ערן זיו אדריכלים"
"2025/09/02 9:03:01 PM GMT‎+3‎","נקבה","20-25","אוניברסיטת אריאל","משרה חלקית/מלאה","","","","תואר ראשון ושני באדריכלות","פחות משנתיים","","10,001 - 11,000 ש""ח","9","5","פיזית בלבד","מידי שבוע","לא","לא","לא","","אזור המרכז","31-50 עובדים","תכנון מבני מגורים (בנייה רוויה);מבני ציבור;מבני מסחר ומשרדים","4",""
"2025/09/02 9:31:56 PM GMT‎+3‎","זכר","26-30","אוניברסיטת אריאל","משרה חלקית/מלאה","","","","תואר ראשון באדריכלות","ללא ניסיון","48","8,000 - 9,000 ש""ח","9","5","פיזית בלבד","אף פעם","לא","לא","לא","","אזור המרכז","50+ עובדים","תכנון מבני מגורים (בנייה רוויה);מבני ציבור;מבני מסחר ומשרדים;התחדשות עירונית / תמ""א 38","4","מוססקו"
"2025/09/02 9:36:03 PM GMT‎+3‎","זכר","26-30","אוניברסיטת אריאל","משרה חלקית/מלאה","","","","תואר ראשון באדריכלות","2-5 שנים","55 שעתי","11,001 - 12,000 ש""ח","9","5","היברידית","לעיתים רחוקות מאוד","לא","לא","לא","","אזור חיפה","31-50 עובדים","תכנון מבני מגורים (בנייה רוויה)","5",""
"2025/09/02 9:36:09 PM GMT‎+3‎","זכר","26-30","אוניברסיטת אריאל","משרת סטודנט","שנה ד'","ללא ניסיון","50 ","","","","","7","2","מקוונת בלבד","מידי חודש","לא","לא","לא","","אזור ירושלים","1-10 עובדים","שימור מבנים","3",""
"2025/09/02 9:37:32 PM GMT‎+3‎","נקבה","26-30","אוניברסיטת אריאל","משרת סטודנט","שנה ה'","שנה","55","","","","","9","2","פיזית בלבד","אף פעם","כן","לא","לא","","אזור המרכז","11-30 עובדים","תכנון מבני מגורים (בנייה רוויה);מבני ציבור;מבני מסחר ומשרדים;התחדשות עירונית / תמ""א 38","3","לוטן דייטש אדריכלים "
"2025/09/02 9:37:33 PM GMT‎+3‎","נקבה","26-30","אוניברסיטת אריאל","משרה חלקית/מלאה","","","","תואר ראשון באדריכלות","פחות משנתיים","","8,000 - 9,000 ש""ח","9","5","פיזית בלבד","לעיתים רחוקות מאוד","לא","לא","לא","","אזור המרכז","11-30 עובדים","תכנון מבני מגורים (בנייה רוויה);מבני ציבור;מבני מסחר ומשרדים;התחדשות עירונית / תמ""א 38","1",""
"2025/09/02 9:44:19 PM GMT‎+3‎","זכר","26-30","אוניברסיטת אריאל","משרת סטודנט","שנה ד'","ללא ניסיון","55","","","","","9","3","פיזית בלבד","אף פעם","לא","לא","לא","","אזור המרכז","1-10 עובדים","תכנון מבני מגורים (בנייה רוויה)","1","רובין אדריכלים"
"2025/09/02 9:52:24 PM GMT‎+3‎","נקבה","26-30","אוניברסיטת תל אביב","משרה חלקית/מלאה","","","","תואר ראשון באדריכלות","2-5 שנים","60","15,001 - 16,000 ש""ח","9","5","פיזית בלבד","מידי חודש","כן","לא","לא","","אזור המרכז","50+ עובדים","תכנון מבני מגורים (בנייה רוויה);מבני ציבור;מבני מסחר ומשרדים;התחדשות עירונית / תמ""א 38","4",""
"2025/09/02 9:55:29 PM GMT‎+3‎","נקבה","26-30","אוניברסיטת אריאל","משרה חלקית/מלאה","","","","תואר ראשון באדריכלות","2-5 שנים","60","14,001 - 15,000 ש""ח","9","5","פיזית בלבד","מידי חודש","כן","לא","לא","","אזור המרכז","31-50 עובדים","תכנון מבני מגורים (בנייה רוויה);מבני ציבור;התחדשות עירונית / תמ""א 38","3",""
"2025/09/02 10:02:00 PM GMT‎+3‎","זכר","26-30","אוניברסיטת אריאל","משרת סטודנט","שנה ד'","שנה","45","","","","","8","3","פיזית בלבד","מידי חודש","לא","לא","לא","","אזור המרכז","11-30 עובדים","תכנון מבני מגורים (בנייה רוויה)","3","אלף-בית אדריכלים"
"2025/09/02 10:12:03 PM GMT‎+3‎","זכר","26-30","אוניברסיטת אריאל","משרת סטודנט","שנה ה'","שנה","50","","","","","9","2","פיזית בלבד","לעיתים רחוקות מאוד","כן","לא","לא","","אזור ירושלים","31-50 עובדים","תכנון תב""ע","3",""
"2025/09/02 10:15:04 PM GMT‎+3‎","נקבה","26-30","אוניברסיטת אריאל","משרה חלקית/מלאה","","","","תואר ראשון באדריכלות","פחות משנתיים","60","9,001 - 10,000 ש""ח","9","5","פיזית בלבד","לעיתים רחוקות מאוד","לא","לא","לא","","אזור המרכז","31-50 עובדים","תכנון מבני מגורים (בנייה רוויה)","4","זית לב אדריכלים "
"2025/09/02 10:16:53 PM GMT‎+3‎","זכר","26-30","אוניברסיטת אריאל","משרת סטודנט","שנה ה'","ללא ניסיון","60","","","","","9","3","פיזית בלבד","אף פעם","לא","לא","לא","","אזור המרכז","11-30 עובדים","תכנון מבני מגורים (בנייה רוויה);מבני ציבור;מבני מסחר ומשרדים;התחדשות עירונית / תמ""א 38","5","טיטו אומן אדריכלים"
"2025/09/02 10:51:03 PM GMT‎+3‎","נקבה","26-30","אוניברסיטת אריאל","משרת סטודנט","שנה ה'","שנתיים","55","","","","","9","2","פיזית בלבד","מידי חודש","לא","לא","לא","","אזור המרכז","11-30 עובדים","תכנון מבני מגורים (בנייה רוויה);התחדשות עירונית / תמ""א 38","3","הופלר אדריכלים"
"2025/09/02 11:15:48 PM GMT‎+3‎","נקבה","26-30","אוניברסיטת אריאל","משרת סטודנט","שנה ה'","ללא ניסיון","50","","","","","9","3","פיזית בלבד","מידי שבוע","כן","לא","לא","","אזור המרכז","11-30 עובדים","תכנון מבני מגורים (בנייה רוויה);מבני ציבור;מבני מסחר ומשרדים","4",""
"2025/09/03 12:56:40 AM GMT‎+3‎","זכר","26-30","בצלאל","משרה חלקית/מלאה","","","","תואר ראשון באדריכלות","פחות משנתיים","65 לשעה","13,001 - 14,000 ש""ח","8","5","פיזית בלבד","אף פעם","כן","לא","לא","","אזור המרכז","50+ עובדים","תכנון מבני מגורים (בנייה רוויה)","4","קיקה בראז"
"2025/09/03 2:19:05 AM GMT‎+3‎","זכר","26-30","אוניברסיטת אריאל","משרה חלקית/מלאה","","","","תואר ראשון באדריכלות","פחות משנתיים","","11,001 - 12,000 ש""ח","8","4","היברידית","אף פעם","כן","לא","לא","","אזור המרכז","1-10 עובדים","התחדשות עירונית / תמ""א 38;פיקוח בנייה / ניהול פרויקטים;חברה קבלנית מבצעת ","5","חימוביץ אדריכלות "
"2025/09/03 7:27:40 AM GMT‎+3‎","נקבה","20-25","אוניברסיטת אריאל","משרה חלקית/מלאה","","","","תואר ראשון באדריכלות","פחות משנתיים","40","12,001 - 13,000 ש""ח","8","5","פיזית בלבד","אף פעם","לא","לא","לא","","אזור המרכז","1-10 עובדים","תכנון מבני מגורים (בנייה רוויה)","4","סטודיו אדריכלים"
"2025/09/03 8:04:03 AM GMT‎+3‎","נקבה","26-30","הטכניון חיפה","משרה חלקית/מלאה","","","","תואר ראשון ושני באדריכלות","2-5 שנים","60","13,001 - 14,000 ש""ח","9","5","פיזית בלבד","לעיתים רחוקות מאוד","כן","לא","לא","","אזור המרכז","11-30 עובדים","תכנון מבני מגורים (בנייה רוויה)","4",""
"2025/09/03 8:07:53 AM GMT‎+3‎","זכר","26-30","ויצו חיפה","משרה חלקית/מלאה","","","","תואר ראשון באדריכלות","פחות משנתיים","55","12,001 - 13,000 ש""ח","9","5","היברידית","אף פעם","לא","לא","לא","","אזור המרכז","50+ עובדים","תכנון מבני מגורים (בנייה רוויה);תכנון וילות ובתי מגורים פרטיים;מבני ציבור;מבני מסחר ומשרדים;התחדשות עירונית / תמ""א 38","5",""
"2025/09/03 8:18:32 AM GMT‎+3‎","זכר","26-30","אוניברסיטת תל אביב","משרה חלקית/מלאה","","","","תואר ראשון באדריכלות","2-5 שנים","60","15,001 - 16,000 ש""ח","9","5","פיזית בלבד","לעיתים רחוקות מאוד","כן","לא","לא","","אזור המרכז","1-10 עובדים","תכנון מבני מגורים (בנייה רוויה);מבני ציבור;התחדשות עירונית / תמ""א 38","5","o2a"
"2025/09/03 9:32:15 AM GMT‎+3‎","נקבה","26-30","הטכניון חיפה","משרת סטודנט","שנה ד'","ללא ניסיון","50","","","","","9","2","פיזית בלבד","אף פעם","לא","לא","לא","","אזור חיפה","1-10 עובדים","תכנון מבני מגורים (בנייה רוויה)","4",""
"2025/09/03 1:10:55 PM GMT‎+3‎","זכר","26-30","הטכניון חיפה","משרה חלקית/מלאה","","","","תואר שני באדריכלות","פחות משנתיים","","9,001 - 10,000 ש""ח","9","5","פיזית בלבד","אף פעם","לא","לא","לא","","אזור הצפון","1-10 עובדים","תכנון מבני מגורים (בנייה רוויה)","5",""
"2025/09/03 1:36:57 PM GMT‎+3‎","זכר","26-30","אוניברסיטת אריאל","משרת סטודנט","שנה ה'","ללא ניסיון","50","","","","","9","3","פיזית בלבד","לעיתים רחוקות מאוד","לא","לא","לא","","אזור המרכז","11-30 עובדים","תכנון מבני מגורים (בנייה רוויה)","4",""
"2025/09/03 3:06:09 PM GMT‎+3‎","זכר","26-30","אוניברסיטת תל אביב","משרה חלקית/מלאה","","","","תואר ראשון באדריכלות","פחות משנתיים","","11,001 - 12,000 ש""ח","8","5","היברידית","לעיתים רחוקות מאוד","לא","לא","לא","","אזור ירושלים","11-30 עובדים","פיקוח בנייה / ניהול פרויקטים;תכנון אורבני","",""
"2025/09/04 8:15:45 AM GMT‎+3‎","זכר","26-30","בצלאל","משרה חלקית/מלאה","","","","תואר ראשון באדריכלות","2-5 שנים","60","13,001 - 14,000 ש""ח","9","5","פיזית בלבד","לעיתים רחוקות מאוד","כן","לא","לא","","אזור המרכז","1-10 עובדים","תכנון מבני מגורים (בנייה רוויה);התחדשות עירונית / תמ""א 38","4","יסקי אדריכלים"
"2025/09/04 5:37:50 PM GMT‎+3‎","נקבה","26-30","אוניברסיטת תל אביב","משרה חלקית/מלאה","","","","תואר ראשון באדריכלות","ללא ניסיון","55","11,001 - 12,000 ש""ח","9","5","פיזית בלבד","אף פעם","לא","לא","לא","","אזור המרכז","31-50 עובדים","תכנון מבני מגורים (בנייה רוויה)","4","לא מפרטת"
"2025/09/05 3:03:26 PM GMT‎+3‎","נקבה","26-30","הטכניון חיפה","משרה חלקית/מלאה","","","","תואר ראשון ושני באדריכלות","2-5 שנים","60","12,001 - 13,000 ש""ח","8","5","פיזית בלבד","לעיתים רחוקות מאוד","כן","לא","לא","","אזור חיפה","1-10 עובדים","תכנון מבני מגורים (בנייה רוויה)","4","תמיר לזר"
"2025/09/06 12:02:34 PM GMT‎+3‎","נקבה","31-35","אוניברסיטת תל אביב","משרה חלקית/מלאה","","","","תואר ראשון באדריכלות","ללא ניסיון","55 שח לשעה +נסיעות","11,001 - 12,000 ש""ח","9","5","פיזית בלבד","אף פעם","לא","לא","לא","המרה של שעות נוספות לימי חופשה","אזור המרכז","11-30 עובדים","תכנון מבני מגורים (בנייה רוויה);התחדשות עירונית / תמ""א 38","5",""
"2025/09/06 12:23:00 PM GMT‎+3‎","זכר","20-25","הטכניון חיפה","משרה חלקית/מלאה","","","","תואר ראשון באדריכלות","פחות משנתיים","","10,001 - 11,000 ש""ח","9","5","פיזית בלבד","מידי חודש","לא","כן","לא","","אזור המרכז","31-50 עובדים","מבני ציבור;מבני מסחר ומשרדים;עיצוב פנים","",""
"2025/09/07 8:10:43 PM GMT‎+3‎","נקבה","20-25","ויצו חיפה","משרה חלקית/מלאה","","","","תואר ראשון באדריכלות","ללא ניסיון","","פחות מ-8,000 ש""ח","9","5","פיזית בלבד","לעיתים רחוקות מאוד","כן","לא","לא","","אזור הצפון","1-10 עובדים","מבני ציבור","3",""
"2025/09/07 8:11:19 PM GMT‎+3‎","נקבה","26-30","ויצו חיפה","משרה חלקית/מלאה","","","","תואר ראשון באדריכלות","פחות משנתיים","55","12,001 - 13,000 ש""ח","9","5","פיזית בלבד","מידי חודש","לא","לא","לא","","אזור המרכז","11-30 עובדים","תכנון מבני מגורים (בנייה רוויה);התחדשות עירונית / תמ""א 38","4",""
"2025/09/07 8:11:25 PM GMT‎+3‎","נקבה","26-30","ויצו חיפה","משרה חלקית/מלאה","","","","תואר ראשון באדריכלות","ללא ניסיון","64","8,000 - 9,000 ש""ח","8","5","פיזית בלבד","מידי שבוע","לא","לא","לא","","אזור חיפה","1-10 עובדים","תכנון מבני מגורים (בנייה רוויה);תכנון וילות ובתי מגורים פרטיים;מבני ציבור;מבני מסחר ומשרדים;עיצוב פנים;התחדשות עירונית / תמ""א 38;שימור מבנים;פיקוח בנייה / ניהול פרויקטים","5","קום אדריכלים"
"2025/09/07 8:11:43 PM GMT‎+3‎","נקבה","26-30","ויצו חיפה","משרה חלקית/מלאה","","","","תואר ראשון באדריכלות","פחות משנתיים","55","11,001 - 12,000 ש""ח","9","5","פיזית בלבד","מידי שבוע","לא","לא","לא","","אזור חיפה","1-10 עובדים","תכנון מבני מגורים (בנייה רוויה)","4","ניסן"
"2025/09/07 8:29:29 PM GMT‎+3‎","נקבה","26-30","הטכניון חיפה","משרת סטודנט","שנה ו'","שלוש","70","","","","","8","3","היברידית","אף פעם","לא","לא","לא","","אזור המרכז","11-30 עובדים","תכנון מבני מגורים (בנייה רוויה);תכנון וילות ובתי מגורים פרטיים;מבני מסחר ומשרדים;שימור מבנים","4",""
"2025/09/07 8:49:42 PM GMT‎+3‎","נקבה","26-30","ויצו חיפה","משרה חלקית/מלאה","","","","תואר ראשון באדריכלות","פחות משנתיים","60","11,001 - 12,000 ש""ח","9","5","פיזית בלבד","מידי חודש","כן","לא","לא","","אזור חיפה","11-30 עובדים","תכנון מבני מגורים (בנייה רוויה);תכנון וילות ובתי מגורים פרטיים;מבני ציבור;מבני מסחר ומשרדים;התחדשות עירונית / תמ""א 38","4",""
"2025/09/07 9:19:25 PM GMT‎+3‎","נקבה","26-30","ויצו חיפה","משרה חלקית/מלאה","","","","תואר ראשון באדריכלות","פחות משנתיים","55","10,001 - 11,000 ש""ח","9","5","פיזית בלבד","מידי שבוע","לא","לא","לא","","אזור חיפה","11-30 עובדים","תכנון מבני מגורים (בנייה רוויה);מבני ציבור;מבני מסחר ומשרדים;התחדשות עירונית / תמ""א 38;שימור מבנים","5","אורן אדריכלים"
"2025/09/07 10:06:30 PM GMT‎+3‎","זכר","31-35","הטכניון חיפה","משרה חלקית/מלאה","","","","תואר ראשון ושני באדריכלות","פחות משנתיים","60","12,001 - 13,000 ש""ח","9","5","פיזית בלבד","לעיתים רחוקות מאוד","לא","לא","לא","","אזור חיפה","1-10 עובדים","מבני ציבור;התחדשות עירונית / תמ""א 38","3",""
"2025/09/07 11:50:16 PM GMT‎+3‎","נקבה","20-25","ויצו חיפה","משרה חלקית/מלאה","","","","תואר ראשון באדריכלות","פחות משנתיים","50","14,001 - 15,000 ש""ח","9","5","פיזית בלבד","לעיתים רחוקות מאוד","כן","לא","לא","","אזור המרכז","11-30 עובדים","תכנון מבני מגורים (בנייה רוויה)","3","Rnni ziss"
"2025/09/08 1:02:15 AM GMT‎+3‎","נקבה","26-30","ויצו חיפה","משרת סטודנט","שנה ה'","שנה","60 לשעה","","","","","9","3","פיזית בלבד","מידי שבוע","לא","לא","לא","","אזור הדרום","11-30 עובדים","תכנון מבני מגורים (בנייה רוויה);מבני ציבור;מבני מסחר ומשרדים","1","מרש אדריכלים- חלק ממילוסלבסקי כיום (באר שבע)"
"2025/09/08 3:42:28 PM GMT‎+3‎","נקבה","26-30","הטכניון חיפה","משרה חלקית/מלאה","","","","תואר ראשון ושני באדריכלות","פחות משנתיים","50","12,001 - 13,000 ש""ח","8","5","היברידית","אף פעם","לא","לא","לא","","אזור חיפה","1-10 עובדים","התחדשות עירונית / תמ""א 38;תב״ע, איחוד וחלוקה","5","מילול קורן אדריכלים"
"2025/09/08 5:37:01 PM GMT‎+3‎","נקבה","26-30","הטכניון חיפה","משרה חלקית/מלאה","","","","תואר ראשון ושני באדריכלות","2-5 שנים","70","15,001 - 16,000 ש""ח","9","5","היברידית","מידי חודש","לא","לא","לא","","אזור חיפה","11-30 עובדים","התחדשות עירונית / תמ""א 38;תכנון עירוני","3",""
"2025/09/09 10:25:34 PM GMT‎+3‎","זכר","26-30","אוניברסיטת אריאל","משרת סטודנט","שנה ה'","שנה","45","","","","","8","2","פיזית בלבד","לעיתים רחוקות מאוד","לא","לא","לא","","אזור השרון","1-10 עובדים","תכנון מבני מגורים (בנייה רוויה);תכנון וילות ובתי מגורים פרטיים;התחדשות עירונית / תמ""א 38","4",""
"2025/09/09 10:28:02 PM GMT‎+3‎","נקבה","20-25","אוניברסיטת אריאל","משרה חלקית/מלאה","","","","הנדסאי אדריכלות","פחות משנתיים","","9,001 - 10,000 ש""ח","9","5","פיזית בלבד","אף פעם","לא","לא","לא","","אזור המרכז","1-10 עובדים","תכנון מבני מגורים (בנייה רוויה);התחדשות עירונית / תמ""א 38;שימור מבנים","5",""
"2025/09/10 12:44:07 AM GMT‎+3‎","נקבה","20-25","אוניברסיטת אריאל","משרת סטודנט","שנה ה'","שנה","45","","","","","9","3","פיזית בלבד","מידי שבוע","לא","לא","לא","","אזור ירושלים","1-10 עובדים","תכנון וילות ובתי מגורים פרטיים;מבני ציבור;אדריכלות נוף","1","משרד בירושלים"
"2025/09/10 7:06:25 AM GMT‎+3‎","זכר","26-30","אוניברסיטת אריאל","משרת סטודנט","שנה ה'","ללא ניסיון","65","","","","","9","3","פיזית בלבד","אף פעם","לא","לא","לא","","אזור המרכז","50+ עובדים","תכנון מבני מגורים (בנייה רוויה);מבני ציבור;מבני מסחר ומשרדים;התחדשות עירונית / תמ""א 38","5","בר לוי אדריכלים ומתכנני ערים"
"2025/09/12 3:22:01 PM GMT‎+3‎","זכר","26-30","אוניברסיטת אריאל","משרת סטודנט","שנה ה'","ללא ניסיון","40","","","","","8","3","פיזית בלבד","מידי חודש","כן","לא","לא","","אזור המרכז","50+ עובדים","תכנון מבני מגורים (בנייה רוויה);מבני ציבור;מבני מסחר ומשרדים;התחדשות עירונית / תמ""א 38","5","ישר אדריכלים"
"2025/09/13 2:48:06 PM GMT‎+3‎","נקבה","26-30","ויצו חיפה","משרה חלקית/מלאה","","","","תואר ראשון באדריכלות","פחות משנתיים","47","12,001 - 13,000 ש""ח","9","5","פיזית בלבד","לעיתים רחוקות מאוד","לא","לא","לא","","אזור המרכז","50+ עובדים","תכנון מבני מגורים (בנייה רוויה);מבני ציבור;מבני מסחר ומשרדים;התחדשות עירונית / תמ""א 38","4",""
"2025/09/13 10:04:51 PM GMT‎+3‎","זכר","26-30","אוניברסיטת אריאל","משרה חלקית/מלאה","","","","תואר ראשון באדריכלות","פחות משנתיים","50 ש""ח לשעה","12,001 - 13,000 ש""ח","9","5","פיזית בלבד","לעיתים רחוקות מאוד","לא","לא","לא","שני ימי חופש אקסטרה","אזור המרכז","50+ עובדים","תכנון מבני מגורים (בנייה רוויה);מבני ציבור;מבני מסחר ומשרדים;עיצוב פנים;תכנון עירוני","",""
"2025/09/16 10:45:44 PM GMT‎+3‎","זכר","26-30","הטכניון חיפה","משרת סטודנט","שנה ה'","שלוש","50","","","","","9","2","היברידית","לעיתים רחוקות מאוד","לא","לא","לא","","אזור חיפה","31-50 עובדים","תכנון מבני מגורים (בנייה רוויה);מבני ציבור;מבני מסחר ומשרדים;התחדשות עירונית / תמ""א 38","4",""
"2025/09/17 9:14:11 AM GMT‎+3‎","זכר","26-30","The Architectural Association","משרה חלקית/מלאה","","","","תואר ראשון ושני באדריכלות","פחות משנתיים","","11,001 - 12,000 ש""ח","9","5","פיזית בלבד","מידי חודש","לא","לא","לא","","אזור המרכז","31-50 עובדים","התחדשות עירונית / תמ""א 38;תב״עות, תכניות מתאר מפורטות, תמ״אות","",""
"2025/09/21 7:06:38 PM GMT‎+3‎","נקבה","26-30","הטכניון חיפה","משרה חלקית/מלאה","","","","תואר ראשון ושני באדריכלות","2-5 שנים","","13,001 - 14,000 ש""ח","9","5","פיזית בלבד","לעיתים רחוקות מאוד","כן","לא","לא","","אזור חיפה","1-10 עובדים","התחדשות עירונית / תמ""א 38;תב״ע","4",""
"2025/10/22 2:08:08 PM GMT‎+3‎","זכר","26-30","טכניון","משרה חלקית/מלאה","","","","תואר ראשון באדריכלות","2-5 שנים","50","12,001 - 13,000 ש""ח","9","5","מקוונת בלבד","מידי שבוע","לא","לא","לא","","אזור הצפון","1-10 עובדים","תכנון מבני מגורים (בנייה רוויה)","2","ט.נ.ב"
"2025/10/28 6:56:35 PM GMT‎+3‎","נקבה","26-30","הטכניון חיפה","משרה חלקית/מלאה","","","","תואר שני באדריכלות","פחות משנתיים","","10,001 - 11,000 ש""ח","8","5","היברידית","מידי חודש","לא","לא","לא","","אזור המרכז","1-10 עובדים","מבני ציבור","4",""
"2025/11/14 4:49:04 PM GMT‎+2‎","זכר","31-35","הטכניון חיפה","משרה חלקית/מלאה","","","","תואר ראשון באדריכלות","2-5 שנים","","13,001 - 14,000 ש""ח","9","4","מקוונת בלבד","לעיתים רחוקות מאוד","כן","לא","לא","בונוס שנתי נדיב, מתנות בחגים","אזור ירושלים","11-30 עובדים","אדריכלות נוף","4",""